Workbook

Sheet Monthly Data
A1: category | B1: month | C1: order_count | D1: total_revenue | E1: avg_revenue
A2: Bakery | B2: 46023 | C2: 10 | D2: 2305 | E2: 230.5
A3: Bakery | B3: 46054 | C3: 12 | D3: 2340 | E3: 195
A4: Bakery | B4: 46082 | C4: 8 | D4: 1315 | E4: 164.375
A5: Bakery | B5: 46113 | C5: 9 | D5: 1980 | E5: 220
A6: Bakery | B6: 46143 | C6: 11 | D6: 1890 | E6: 171.81818
A7: Bakery | B7: 46174 | C7: 9 | D7: 1865 | E7: 207.22222
A8: Dairy & Eggs | B8: 46023 | C8: 16 | D8: 2758 | E8: 172.375
A9: Dairy & Eggs | B9: 46054 | C9: 16 | D9: 3313 | E9: 207.0625
A10: Dairy & Eggs | B10: 46082 | C10: 16 | D10: 2587 | E10: 161.6875
A11: Dairy & Eggs | B11: 46113 | C11: 18 | D11: 3350 | E11: 186.11111
A12: Dairy & Eggs | B12: 46143 | C12: 18 | D12: 3329 | E12: 184.94444
A13: Dairy & Eggs | B13: 46174 | C13: 17 | D13: 2941 | E13: 173
... A37: Snacks & Beverages | B37: 46174 | C37: 15 | D37: 1730 | E37: 115.33333

Sheet Category Targets
A1: category | B1: target_revenue_inr
A2: Fruits & Vegetables | B2: 12000
A3: Dairy & Eggs | B3: 16500
A4: Snacks & Beverages | B4: 13000
A5: Personal Care | B5: 15500
A6: Household Essentials | B6: 17000
A7: Bakery | B7: 12000

Sheet Pivot Table
A1: Row Labels | B1: Sum of total_revenue | C1: Sum of order_count
A2: Bakery | B2: 11700 | C2: 59
A3: Dairy & Eggs | B3: 18278 | C3: 101
A4: Fruits & Vegetables | B4: 12405 | C4: 85
A5: Household Essentials | B5: 17060 | C5: 77
A6: Personal Care | B6: 13286 | C6: 56
A7: Snacks & Beverages | B7: 11300 | C7: 85
A8: Grand Total | B8: 84029 | C8: 463

Sheet Category Summary
A1: category | B1: total_revenue | C1: target_revenue_inr | D1: variance | E1: percentage_variance | F1: performance_tag | G1: Matches Part 1 SQL total?
A2: Fruits & Vegetables | B2: ='Pivot Table'!B4 -> 12405 | C2: {=_xlfn.XLOOKUP(A2, 'Category Targets'!$A$2:$A$7, 'Category Targets'!$B$2:$B$7, "Not Found")} -> 12000 | D2: =C2-B2 -> -405 | E2: =((B2-C2)*100)/C2 -> 3.375 | F2: =IF(B2>=C2, "Above Target", IF((C2-B2)<=(0.15*C2), "Below Target - Watch", "Below Target - Critical")) -> Above Target | G2: Yes
A3: Dairy & Eggs | B3: ='Pivot Table'!B3 -> 18278 | C3: {=_xlfn.XLOOKUP(A3, 'Category Targets'!$A$2:$A$7, 'Category Targets'!$B$2:$B$7, "Not Found")} -> 16500 | D3: =C3-B3 -> -1778 | E3: =((B3-C3)*100)/C3 -> 10.775758 | F3: =IF(B3>=C3, "Above Target", IF((C3-B3)<=(0.15*C3), "Below Target - Watch", "Below Target - Critical")) -> Above Target | G3: Yes
A4: Snacks & Beverages | B4: ='Pivot Table'!B7 -> 11300 | C4: {=_xlfn.XLOOKUP(A4, 'Category Targets'!$A$2:$A$7, 'Category Targets'!$B$2:$B$7, "Not Found")} -> 13000 | D4: =C4-B4 -> 1700 | E4: =((B4-C4)*100)/C4 -> -13.076923 | F4: =IF(B4>=C4, "Above Target", IF((C4-B4)<=(0.15*C4), "Below Target - Watch", "Below Target - Critical")) -> Below Target - Watch | G4: Yes
A5: Personal Care | B5: ='Pivot Table'!B6 -> 13286 | C5: {=_xlfn.XLOOKUP(A5, 'Category Targets'!$A$2:$A$7, 'Category Targets'!$B$2:$B$7, "Not Found")} -> 15500 | D5: =C5-B5 -> 2214 | E5: =((B5-C5)*100)/C5 -> -14.283871 | F5: =IF(B5>=C5, "Above Target", IF((C5-B5)<=(0.15*C5), "Below Target - Watch", "Below Target - Critical")) -> Below Target - Watch | G5: Yes
A6: Household Essentials | B6: ='Pivot Table'!B5 -> 17060 | C6: {=_xlfn.XLOOKUP(A6, 'Category Targets'!$A$2:$A$7, 'Category Targets'!$B$2:$B$7, "Not Found")} -> 17000 | D6: =C6-B6 -> -60 | E6: =((B6-C6)*100)/C6 -> 0.35294118 | F6: =IF(B6>=C6, "Above Target", IF((C6-B6)<=(0.15*C6), "Below Target - Watch", "Below Target - Critical")) -> Above Target | G6: Yes
A7: Bakery | B7: ='Pivot Table'!B2 -> 11700 | C7: {=_xlfn.XLOOKUP(A7, 'Category Targets'!$A$2:$A$7, 'Category Targets'!$B$2:$B$7, "Not Found")} -> 12000 | D7: =C7-B7 -> 300 | E7: =((B7-C7)*100)/C7 -> -2.5 | F7: =IF(B7>=C7, "Above Target", IF((C7-B7)<=(0.15*C7), "Below Target - Watch", "Below Target - Critical")) -> Below Target - Watch | G7: Yes
